team,player,shot,airtime,arm_raised,jumping_point,jump_length,jump_angle, comment
DJ,1,f1,0.460,"1,1",55.3,184.7,-27
DJ,2,f1,0.420,"1,1",35.4,117.6,-9
DJ,3,f1,0.540,"1,1",23.8,170.3,-23
DJ,4,f1,0.300,"1,1",60,170.3,-45
DJ,1,f2,0.460,"1,1",52.9,231.1,-
DJ,2,f2,0.420,"1,1",37.7,160.5,-30
DJ,3,f2,0.500,"1,1",20.5,205.4,-25
DJ,4,f2,0.300,"1,1",44.6,196.4,-39
DJ,1,f3,0.500,"1,1",43.7,166.3,-24
DJ,2,f3,0.420,"1,1",44.7,183.1,-36
DJ,3,f3,0.480,"1,1",13.4,200.5,-29
DJ,4,f3,0.340,"1,1",33.5,189.0,-40
DJ,1,f4,0.460,"1,1",54.1,170.5,-9
DJ,2,f4,0.420,"1,1",39.6,177.5,-34
DJ,3,f4,0.460,"1,1",27.9,196.5,-21
DJ,4,f4,0.320,"1,1",38.9,191.2,-39
DJ,1,p11,0.540,"1,1",55.7,164.2,-29
DJ,2,p11,0.420,"1,1",36.2,132.8,-23
DJ,3,p11,0.500,"1,1",37.6,159.4,-16
DJ,4,p11,0.380,"1,1",54.3,175.4,-30
DJ,1,p12,0.540,"1,1",40.3,159.1,-24
DJ,2,p12,0.460,"1,1",43.3,130.8,-22
DJ,3,p12,0.460,"1,1",25.6,156.3,-20
DJ,4,p12,0.380,"1,1",46.4,186.6,-30
DJ,1,p21,0.500,"1,1",47.6,115.4,8
DJ,2,p21,0.420,"1,1",48.2,148.4,-26
DJ,3,p21,0.540,"1,1",49.2,163.3,-28
DJ,4,p21,0.380,"1,1",47.2,170.4,-35
DJ,1,p22,0.580,"1,1",50.9,162.2,-35
DJ,2,p22,0.460,"1,1",46.9,149.6,-26
DJ,3,p22,0.580,"1,1",32.6,161.3,-23
DJ,4,p22,0.380,"1,1",49.3,185.5,-31
DJ,1,p31,0.540,"1,1",52.9,177.4,-23
DJ,2,p31,0.420,"1,1",42.8,143.5,-31
DJ,3,p31,0.580,"1,1",39.8,183.5,-35
DJ,4,p31,0.380,"1,1",44.6,189.0,-35
DJ,1,p32,0.500,"1,1",55.2,122.2,-6
DJ,2,p32,0.460,"1,1",48.1,164.8,-28
DJ,3,p32,0.580,"1,1",40.3,187.8,-31
DJ,4,p32,0.340,"1,1",46.8,197.3,-33
DJ,1,p41,0.460,"1,1",37.7,139.8,-26
DJ,2,p41,0.420,"1,1",45.0,156.2,-35
DJ,3,p41,0.580,"1,1",25.5,183.1,-34
DJ,4,p41,0.340,"1,1",46.0,195.7,-37
DJ,1,p42,0.500,"1,1",36.0,145.9,-18
DJ,2,p42,0.340,"1,1",39.5,162.6,-32
DJ,3,p42,0.580,"1,1",19.1,198.4,-36
DJ,4,p42,0.420,"1,1",35.6,200.5,-39
DJ,1,p51,0.540,"1,1",40.2,182.6,-36
DJ,2,p51,0.420,"1,1",43.6,165.0,-33
DJ,3,p51,0.540,"1,1",31.7,189.2,-28
DJ,4,p51,0.340,"1,1",35.1,202.7,-36
DJ,1,p52,0.500,"1,1",38.3,159.3,-30
DJ,2,p52,0.420,"1,1",39.8,155.2,-35
DJ,3,p52,0.580,"1,1",10.2,181.6,-29
DJ,4,p52,0.380,"1,1",42.3,205.8,-36
DJ,1,p61,0.500,"1,1",54.8,186.7,-32
DJ,3,p61,0.540,"1,1",21.7,181.6,-30
DJ,4,p61,0.380,"1,1",46.2,198.3,-36
DJ,1,p62,0.500,"1,1",46.3,176.7,-33
DJ,2,p62,0.380,"1,1",-,-,-,hoppade på högerfoten?? 
DJ,3,p62,0.540,"1,1",13.4,184.1,-
DJ,4,p62,0.320,"1,1",44.6,120,-39





F12,1,f1,0.460,"1,1",25.3,195.3,-17
F12,2,f1,0.400,"1,1",-30.1,121.0,-9
F12,3,f1,0.300,"1,1",-32.9,114.0,-1
F12,4,f1,0.380,"1,1",-7.3,158.7,-6
F12,1,f2,0.380,"1,1",36.4,182.6,-15
F12,2,f2,0.380,"1,1",20.7,131.1,-19
F12,3,f2,0.320,"1,1",-27.8,132.4,-7
F12,4,f2,0.340,"1,1",15.1,152.1,-14
F12,1,f3,0.420,"0,0",-,-,10
F12,2,f3,0.340,"0,0",-,-,10
F12,3,f3,0.260,"0,0",-,-,10
F12,4,f3,0.300,"0,0",-,-,-10
F12,1,f4,0.340,"0,0",-,160,-22
F12,2,f4,0.340,"0,0",-,,10
F12,3,f4,0.300,"0,0",-,2.0,20
F12,4,f4,0.340,"0,0",-,-,30
F12,1,p11,0.440,"1,1",67.5,219.0,-16
F12,2,p11,0.420,"1,1",96.0,152.1,-25
F12,3,p11,0.340,"0,0",56.6,139.5,-13
F12,4,p11,0.420,"1,1",72.5,179.3,-24
F12,2,p12,0.460,"1,1",93.8,151.0,-28
F12,3,p12,0.340,"1,1",69.1,137.8,-7
F12,4,p12,0.420,"1,1",33.4,175.3,-12
F12,1,p21,0.400,"1,1",31.6,178.1,-15
F12,2,p21,0.420,"1,1",44.6,121.5,-21
F12,3,p21,0.320,"0,0",26.5,116.7,-2
F12,4,p21,0.380,"1,1",41.6,153.1,-10
F12,1,p22,0.460,"1,1",43.5,197.2,-19
F12,2,p22,0.400,"1,1",47.2,146.0,-16
F12,3,p22,0.320,"0,0",14.2,121.3,5
F12,4,p22,0.460,"0,1",47.5,171.9,-11
F12,1,p31,0.440,"1,1",37.1,178.4,-13
F12,2,p31,0.460,"1,1",44.3,149.2,-8
F12,3,p31,0.320,"0,0",31.3,121.7,-4
F12,4,p31,0.360,"0,0",55.3,173.7,-7
F12,1,p32,0.440,"1,1",46.9,204.8,-13
F12,2,p32,0.460,"1,1",33.6,133.6,-12
F12,3,p32,0.360,"1,1",19.7,106.4,3
F12,4,p32,0.440,"1,1",55.9,170.7,-9
F12,1,p41,0.480,"1,1",43.5,222.7,-22
F12,2,p41,0.420,"1,1",49.7,132.2,-24
F12,3,p41,0.360,"0,0",-25.5,116.6,-2
F12,4,p41,0.460,"1,1",52.1,166.2,-12
F12,1,p42,0.440,"1,1",36.4,221.5,-19
F12,2,p42,0.420,"1,1",34.6,127.9,-21
F12,3,p42,0.340,"1,1",-18.2,115.7,-2
F12,4,p42,0.380,"1,1",24.3,173.7,-14
F12,1,p51,0.460,"1,1",34.5,228.4,-10
F12,2,p51,0.380,"1,1",37.8,125.2,-20
F12,3,p51,0.360,"0,0",-22.4,133.1,-4
F12,4,p51,0.400,"1,1",20.7,167.1,-15
F12,1,p52,0.480,"1,1",15.1,257.1,-21
F12,2,p52,0.400,"1,1",34.0,110.8,-25
F12,3,p52,0.340,"1,1",14.0,127.5,-4
F12,4,p52,0.380,"1,1",40.6,189.5,-13
F12,1,p61,0.520,"1,1",30.2,258.5,-20
F12,2,p61,0.420,"1,1",50.9,141.5,-27
F12,3,p61,0.380,"0,0",12.4,133.8,-4
F12,4,p61,0.420,"1,1",30.0,171.3,-10
F12,1,p62,0.500,"0,0",45.4,208.8,-25
F12,2,p62,0.380,"1,1",51.2,118.8,-22
F12,3,p62,0.460,"0,0",13.8,139.0,-8
F12,4,p62,0.380,"1,1",41.8,170.9,-11




F13,1,f1,0.460,"1,1",-2.0,155.7,-2
F13,2,f1,0.340,"1,1",16.7,168.8,-22
F13,3,f1,0.460,"1,1",36.8,163.6,-35
F13,4,f1,0.460,"1,1",34.2,180.5,-10
F13,5,f1,0.500,"1,1",4.3,146.2,-16
F13,1,f2,0.420,"1,1",9.8,162.0,-11
F13,2,f2,0.420,"1,1",3.1,164.2,-24
F13,3,f2,0.460,"1,1",22.3,153.6,-30
F13,4,f2,0.460,"1,1",37.7,163.1,-8
F13,5,f2,0.460,"1,1",2.2,147.9,-7
F13,1,f3,0.500,"1,1",-10.7,145.7,-11
F13,2,f3,0.340,"1,1",-3.6,154.4,-19
F13,3,f3,0.540,"1,1",13.9,147.9,-28
F13,4,f3,0.500,"1,1",39.1,171.2,-5
F13,5,f3,0.580,"1,1",972.4,1050.3,-75
F13,1,f4,0.380,"1,1",-19.4,154.4,-6
F13,2,f4,0.380,"1,1",3.8,157.8,-21
F13,3,f4,0.420,"1,1",23.6,145.8,-28
F13,4,f4,0.460,"1,1",28.2,156.3,-3
F13,5,f4,0.540,"1,1",10.8,175.6,-20
F13,1,p11,0.380,"1,1",-8.4,168.8,-8
F13,2,p11,0.380,"1,1",2.7,170.2,-23
F13,3,p11,0.460,"1,1",19.3,152.2,-28
F13,4,p11,0.460,"1,1",38.5,168.5,-7
F13,5,p11,0.580,"1,1",3.6,189.3,-15
F13,1,p12,0.420,"1,1",-24.9,147.3,0
F13,2,p12,0.420,"1,1",-5.7,172.0,-24
F13,3,p12,0.420,"1,1",35.0,147.3,-37
F13,4,p12,0.380,"1,1",46.0,164.5,-5
F13,5,p12,0.500,"1,1",-10.5,191.9,-7
F13,1,p21,0.420,"1,1",12.2,167.0,-3
F13,2,p21,0.380,"1,1",20.6,192.1,-15
F13,3,p21,0.380,"1,1",31.8,138.4,-30
F13,4,p21,0.500,"1,1",49.7,170.0,-13
F13,5,p21,0.460,"1,1",21.6,199.7,-18
F13,1,p22,0.340,"1,1",0,108.8,-10, hoppade på högerfoten?? 
pF13,2,p22,0.340,"1,1",9.6,157.6,-21
F13,3,p22,0.340,"1,1",22.4,146.3,-26
F13,4,p22,0.460,"1,1",39.1,165.0,-11
F13,5,p22,0.500,"1,1",14.7,177.4,-17
F13,1,p31,0.420,"1,1",-11.2,173.3,-11
F13,2,p31,0.340,"1,1",15.2,168.8,-28
F13,3,p31,0.340,"1,1",37.3,147.4,-25
F13,4,p31,0.460,"1,1",47.7,173.5,-10
F13,5,p31,0.460,"0,0",18.3,178.2,-16
F13,1,p32,0.380,"1,1",23.6,152.9,0
F13,2,p32,0.300,"1,1",18.7,189.7,-21
F13,3,p32,0.420,"1,1",22.5,157.3,-24
F13,4,p32,0.380,"1,1",60.2,175.3,-12
F13,5,p32,0.420,"1,1",22.2,264.2,78
F13,1,p41,0.540,"1,1",10.5,138.2,-10
F13,2,p41,0.380,"1,1",22.3,156.5,-13
F13,3,p41,0.420,"1,1",15.9,141.8,-29
F13,4,p41,0.420,"0,0",36.5,154.9,-13
F13,5,p41,0.500,"1,1",22.9,146.4,-13
F13,1,p42,0.300,"1,1",3.5,135.4,-1
F13,2,p42,0.380,"1,1",12.6,155.7,-14
F13,3,p42,0.380,"1,1",37.1,135.9,-25
F13,4,p42,0.420,"1,1",47.9,149.3,-7
F13,5,p42,0.420,"1,1",16.8,165.5,-12
F13,1,p51,0.380,"1,1",6.0,140.9,7
F13,2,p51,0.340,"1,1",-12.2,153.3,-11
F13,3,p51,0.380,"1,1",23.1,139.9,-24
F13,4,p51,0.460,"1,1",49.5,159.7,-14
F13,5,p51,0.500,"1,1",9.6,174.1,-17
F13,1,p52,0.380,"1,1",6.0,147.4,-10
F13,2,p52,0.380,"1,1",23.3,147.0,-16
F13,3,p52,0.420,"1,1",31.4,143.0,-29
F13,4,p52,0.460,"0,0",45.3,179.3,-16
F13,5,p52,0.500,"1,1",-4.1,145.8,-10
F13,1,p61,0.300,"1,1",8.4,159.4,-2
F13,2,p61,0.340,"1,1",31.9,154.8,-12
F13,3,p61,0.340,"1,1",37.0,125.9,-14
F13,4,p61,0.560,"0,0",36.7,179.6,-8
F13,5,p61,0.500,"1,1",10.9,165.5,-19
F13,1,p62,0.340,"1,1",-3.2,136.5,3
F13,2,p62,0.340,"1,1",27.3,160.1,-19
F13,3,p62,0.420,"1,1",49.2,159.2,-37
F13,4,p62,0.460,"1,1",22.7,166.1,-6
F13,5,p62,0.460,"1,1",3.1,158.0,-12



F14,1,f1,0.380,"0,0",7.7,152.6,-10
F14,2,f1,0.360,"1,1",30.6,166.0,-18
F14,3,f1,0.520,"1,1",-38.4,211.0,-12
F14,4,f1,0.300,"1,1",14.8,180.9,4
F14,1,f2,0.320,"0,0",10.4,144.3,-15
F14,2,f2,0.360,"1,1",29.5,168.1,-18
F14,3,f2,0.500,"1,1",-12.3,208.8,-23
F14,4,f2,0.360,"1,1",10.7,184.5,-4
F14,1,f3,0.360,0,-,-,-
F14,2,f3,0.300,0,-,-,-
F14,3,f3,0.480,0,-,-,-
F14,4,f3,0.380,0,-,-,-
F14,1,f4,0.300,0,-,-,-
F14,2,f4,0.320,0,-,-,-
F14,3,f4,0.480,0,-,-,-
F14,4,f4,0.380,0,-,-,-
F14,1,p11,0.400,0,5,120,-22
F14,2,p11,0.320,0,12.3,191.0,-23
F14,3,p11,0.580,1,20,330.1,-29
F14,4,p11,0.400,2,13,273.5,-
F14,1,p12,0.320,0,212.8,190.0,-22
F14,2,p12,0.000,0,-,0.0,0
F14,3,p12,0.580,1,179.5,222.6,-9
F14,4,p12,0.380,0,276.1,211.9,-7

F14,1,p21,0.440,0,205.5,180.9,0
F14,2,p21,0.060,0,-,4.7,112
F14,3,p21,0.540,1,218.3,212.0,-22
F14,4,p21,0.380,0,212.6,181.9,-13
F14,1,p22,0.420,1,43.5,-,-
F14,2,p22,0.180,0,135.9,122.1,-
F14,3,p22,0.540,0,41.9,122.3,-47
F14,4,p22,0.400,0,138.2,126.0,-11

F14,1,p31,0.400,0,119.6,155.7,-3
F14,2,p31,0.060,0,-,-,-
F14,3,p31,0.560,1,123.3,164.1,-24
F14,4,p31,0.380,0,252.3,193.0,-13
F14,1,p32,0.420,1,123.3,19.5,-69
F14,2,p32,0.040,0,-,19.5,-69
F14,3,p32,0.580,1,94.3,165.2,-21
F14,4,p32,0.340,1,157.9,181.7,-14




F14,1,p41,0.400,0,185.9,129.6,-15
F14,2,p41,0.420,0,159.6,129.7,-19
F14,3,p41,0.600,0,223.0,156.5,-29
F14,4,p41,0.400,0,157.7,132.3,-10, 
F14,1,p42,0.360,1,90.7,138.4,-19
F14,2,p42,0.400,2,82.5,136.8,-16
F14,3,p42,0.580,0,27.7,203.2,-23
F14,4,p42,0.380,0,34.8,159.9,-11
F14,1,p51,0.380,0,-,-,-
F14,2,p51,0.420,2,21.6,149.8,-21
F14,3,p51,0.560,1,71.1,201.5,-21
F14,4,p51,0.380,0,51.6,151.0,-8
F14,1,p52,0.380,0,13.6,151.1,-22
F14,2,p52,0.420,2,29.9,161.5,-24
F14,3,p52,0.540,1,43.9,181.2,-15
F14,4,p52,0.360,1,49.5,160.7,-16
F14,1,p61,0.380,0,8.5,157.5,-12
F14,2,p61,0.400,1,20.8,148.1,-18
F14,3,p61,0.600,1,30.1,205.2,-21
F14,4,p61,0.380,1,45.2,150.4,-10
F14,1,p62,0.360,0,0.8,147.3,-22
F14,2,p62,0.420,1,11.4,145.6,-14
F14,3,p62,0.560,2,33.4,197.5,-24
F14,4,p62,0.400,1,51.8,163.7,-13




FA,1,f1,0.360,0,-,-,-
FA,2,f1,0.420,0,-,-,-
FA,3,f1,0.420,0,-,-,-
FA,4,f1,0.440,0,-,-,-
FA,5,f1,0.480,0,-,-,-
FA,1,f2,0.380,0,-,-,-
FA,2,f2,0.340,0,-,-,-
FA,3,f2,0.460,0,-,-,-
FA,4,f2,0.460,0,-,-,-
FA,5,f2,0.420,0,-,-,-
FA,1,f3,0.400,0,-,-,-
FA,2,f3,0.400,0,-,-,-, sjuk räddning
FA,3,f3,0.460,0,-,-,-
FA,4,f3,0.500,0,-,-,-
FA,5,f3,0.460,0,-,-,-
FA,1,f4,0.400,2,59.8,174.4,-17
FA,2,f4,0.429,2,51.0,193.0,-14
FA,3,f4,0.429,2,81.9,155.3,-7
FA,4,f4,0.400,0,58.3,127.6,-8
FA,5,f4,0.457,2,27.8,180.6,-18
FA,1,p11,0.440,2,40.8,171.0,-22 
FA,2,p11,0.380,0,-,-,-
FA,3,p11,0.440,0,-,-,-
FA,4,p11,0.440,0,-,-,-
FA,5,p11,0.420,0,-,-,-
FA,1,p12,0.460,2,98.2,187.1,-23
FA,2,p12,0.440,2,48.8,196.3,-15
FA,3,p12,0.460,2,77.1,154.9,-3
FA,4,p12,0.380,1,83.8,137.7,-9
FA,5,p12,0.460,2,32.9,184.5,-19
FA,1,p21,0.400,2,48.1,151.7,-15
FA,2,p21,0.400,2,47.9,193.9,-20
FA,3,p21,0.460,2,74.9,147.0,1
FA,4,p21,0.420,1,62.1,134.2,-1
FA,5,p21,0.460,2,30.1,199.3,-20
FA,1,p22,0.360,2,60.2,152.4,-19
FA,2,p22,0.400,2,60.3,225.8,-20
FA,3,p22,0.440,2,71.3,145.5,3
FA,4,p22,0.360,1,95.8,132.5,-2
FA,5,p22,0.480,2,35.9,203.1,-21
FA,1,p31,0.380,2,216.8,259.0,-52
FA,2,p31,0.400,2,49.9,206.1,-15
FA,3,p31,0.460,0,68.2,147.3,1
FA,4,p31,0.420,0,68.2,150.3,-4
FA,5,p31,0.460,2,31.7,204.2,-15
FA,1,p32,0.380,2,52.2,150.1,-12
FA,2,p32,0.400,2,54.4,208.9,-18
FA,3,p32,0.440,2,74.0,137.7,2
FA,4,p32,0.440,1,113.3,131.9,-8
FA,5,p32,0.460,2,31.1,175.6,6
FA,1,p41,0.400,2,43.9,152.3,0
FA,2,p41,0.380,2,45.7,-,-
FA,3,p41,0.480,2,67.1,226.8,-19
FA,4,p41,0.420,2,52.6,164.4,-6
FA,5,p41,0.480,2,23.8,163.4,-8
FA,1,p42,0.000,1,43.0,170.3,-7
FA,2,p42,0.400,2,50.2,220.6,-24
FA,3,p42,0.500,2,64.8,166.6,-7
FA,4,p42,0.440,2,40.2,134.7,-5
FA,5,p42,0.500,2,20.0,178.4,-9
FA,1,p51,0.420,2,44.6,176.0,-22
FA,2,p51,0.380,2,44.6,231.0,-23
FA,3,p51,0.460,0,129.1,156.4,-15
FA,5,p51,0.420,2,26.9,131.6,-7
FA,6,p51,0.460,2,26.9,197.9,-24
FA,1,p52,0.400,2,35.3,170.4,-23
FA,2,p52,0.380,2,35.3,218.8,-17
FA,3,p52,0.460,2,64.8,161.0,-8
FA,4,p52,0.400,1,114.1,125.9,-3
FA,5,p52,0.480,2,23.7,195.1,-24
FA,1,p61,0.400,1,55.0,163.7,-24
FA,2,p61,0.380,2,49.6,209.0,-19
FA,3,p61,0.460,2,73.0,159.8,-12
FA,4,p61,0.420,1,43.5,143.0,-6
FA,5,p61,0.480,2,27.0,185.4,-9
FA,1,p62,0.400,2,45.8,178.3,-24
FA,2,p62,0.380,2,45.8,226.3,-20
FA,3,p62,0.440,0,87.2,177.8,-11
FA,4,p62,0.460,2,21.4,170.6,-13
FA,5,p62,0.420,2,21.4,212.4,-21



HER,1,f1,0.640,0,10.7,268.9,-3
HER,2,f1,0.520,0,10.7,309.3,0
HER,3,f1,0.600,0,30.7,292.4,-7
HER,1,f2,0.680,0,14.4,270.8,-9
HER,2,f2,0.480,1,16.4,238.1,-1
HER,3,f2,0.560,2,2.8,270.7,-8
HER,1,f4,0.640,0,-,-,-
HER,2,f4,0.560,0,-,-,-
HER,3,f4,0.600,0,-,-,-
HER,1,p11,0.680,1,27.5,255.5,-12
HER,2,p11,0.600,0,23.4,266.2,-21
HER,3,p11,0.600,1,12.9,264.8,-7
HER,1,p12,0.720,1,15.3,257.0,-4
HER,2,p12,0.600,1,6.4,261.2,-18
HER,3,p12,0.640,1,6.4,262.6,-10
HER,1,p21,0.680,0,12.1,240,7
HER,2,p21,0.560,1,5.9,0.0,0
HER,3,p21,0.640,1,5.9,253.2,-10
HER,1,p22,0.680,0,31.1,-,-
HER,2,p22,0.560,2,12.5,271.1,-19
HER,3,p22,0.600,2,12.5,253.8,-5
HER,1,p31,0.640,1,17.5,257.3,-7
HER,2,p31,0.600,1,17.5,265.7,-11
HER,3,p31,0.600,1,6.2,249.4,-13
HER,1,p32,0.640,0,10.3,246.1,-11
HER,2,p32,0.560,0,10.3,262.4,-16
HER,3,p32,0.680,1,12.7,248.9,-7
HER,1,p41,0.680,0,15.5,275.0,-4
HER,2,p41,0.560,2,9.5,311.9,4
HER,3,p41,0.640,2,9.5,320.2,-15
HER,1,p42,0.680,1,18.9,274.3,-9
HER,2,p42,0.600,1,10.1,307.4,-5
HER,3,p42,0.600,1,10.1,284.7,-14
HER,1,p51,0.640,1,25.5,280.4,-6
HER,2,p51,0.480,1,10.4,318.1,-3
HER,3,p51,0.600,1,10.4,315.3,2
HER,1,p52,0.600,1,18.2,285.5,-6
HER,2,p52,0.560,1,28.1,315.6,-2
HER,3,p52,0.560,1,9.9,301.3,-6
HER,1,p61,0.640,1,39.0,264.7,-6
HER,2,p61,0.560,1,14.3,328.1,-7
HER,3,p61,0.600,1,14.3,295.5,-11
HER,1,p62,0.680,0,21.7,263.4,-5
HER,2,p62,0.560,1,13.9,298.0,-3
HER,3,p62,0.600,1,13.9,288.7,-8
VER,1,f1,0.680,1,47.7,265.8,-7
VER,2,f1,0.600,0,13.4,289.0,-15
VER,1,f2,0.680,1,54.7,286.7,-9
VER,2,f2,0.680,2,16.3,298.9,-17
VER,1,f3,0.680,0,-,-,-
VER,2,f3,0.560,0,-,-,-
VER,1,f4,0.640,0,-,-,-
VER,2,f4,0.520,0,-,-,-
VER,1,p11,0.680,1,3.6,262.6,-2
VER,2,p11,0.720,1,38.4,279.4,-10
VER,1,p12,0.720,0,12.5,245.8,-5
VER,2,p12,0.640,2,42.4,259.8,-12
VER,1,p21,0.680,0,2.4,239.5,-3
VER,2,p21,0.600,2,45.4,259.1,-10
VER,1,p22,0.680,1,31.8,248.8,-10
VER,2,p22,0.600,1,39.3,263.0,-12
VER,1,p31,0.680,1,6.2,256.1,-5
VER,2,p31,0.680,2,6.6,281.0,-14
VER,1,p32,0.680,1,16.9,266.6,-5
VER,2,p32,0.640,1,34.6,267.4,-11
VER,1,p41,0.680,1,29.4,300.5,-9
VER,2,p41,0.640,1,42.4,290.3,-19
VER,1,p42,0.720,1,19.6,266.6,-7
VER,2,p42,0.520,2,58.5,265.9,-15
VER,1,p51,0.680,1,29.8,299.6,-8
VER,2,p51,0.600,1,22.4,279.9,-19
VER,1,p52,0.680,1,15.1,279.3,-9
VER,2,p52,0.560,1,22.3,275.9,-17
VER,1,p61,0.680,1,23.8,289.6,-6
VER,2,p61,0.560,1,32.9,296.4,-23
VER,1,p62,0.000,1,29.6,282.9,-9
VER,2,p62,0.640,0,15.5,296.0,-17





P12,1,f1,0.440,0,-,-,-
P12,2,f1,0.360,0,-,-,-
P12,3,f1,0.440,1,62.9,182.7,-11
P12,4,f1,0.480,0,56.2,170.1,-15
P12,5,f1,0.400,1,3.1,173.2,-18p
P12,1,f2,0.440,0,-,-,-
P12,2,f2,0.360,0,-,-,-
P12,3,f2,0.440,0,-,-,-
P12,5,f2,0.400,2,21.2,199.5,-25
P12,5,f2,0.400,2,21.2,-,-
P12,1,f3,0.400,0,-,-,-
P12,1,f4,0.440,0,-,-,-
P12,2,f4,0.440,0,-,-,-
P12,3,f4,0.440,2,47.7,171.5,-6
P12,4,f4,0.520,0,-,171.5,-6
P12,5,f4,0.400,2,14.4,202.2,-22
P12,1,p11,0.440,0,-,-,-
P12,2,p11,0.400,0,-,-,-
P12,3,p11,0.440,0,-,-,-
P12,4,p11,0.520,0,30.0,175.0,-19
P12,5,p11,0.360,2,23.7,215.2,-26
P12,1,p12,0.440,0,-,-,-
P12,2,p12,0.480,0,-,-,-
P12,3,p12,0.440,2,58.5,169.6,-7
P12,4,p12,0.480,0,33.2,159.5,-15
P12,5,p12,0.360,2,8.8,210.3,-28
P12,1,p21,0.400,0,-,-,-
P12,2,p21,0.400,0,-,-,-
P12,3,p21,0.440,2,59.2,173.8,-8
P12,4,p21,0.440,0,-,-,-
P12,5,p21,0.360,0,15.1,220.0,-23
P12,1,p22,0.400,0,-,-,-
P12,2,p22,0.360,0,-,-,-
P12,3,p22,0.440,0,-,-,-
P12,4,p22,0.440,0,-,-,-
P12,5,p22,0.400,2,29.2,219.0,-30
P12,1,p31,0.440,0,-,-,-
P12,2,p31,0.400,0,-,-,-
P12,3,p31,0.440,1,42.0,178.4,-12
P12,4,p31,0.400,0,220.5,205.4,-52
P12,5,p31,0.360,0,193.1,205.4,-52
P12,1,p32,0.400,0,-,-,-
P12,2,p32,0.440,2,27.1,-,-
P12,3,p32,0.440,2,27.1,178.7,-4
P12,4,p32,0.480,0,35.9,177.1,-12
P12,5,p32,0.480,2,9.8,195.6,-28
P12,1,p41,0.440,2,10,150,-12,vet inte varför den här spelaren inte blir trackad av mp. denna raden är ett estimat för att få någon data på honom. 
P12,2,p41,0.400,0,10,145,-5, samma här kontroll mot spelardata. dessa är de två kortaste spelarna i materialet. men diff med 1 cm mot spelare 3 i materialet. 
P12,3,p41,0.480,2,39.4,178.8,-9
P12,4,p41,0.520,0,-,178.8,-9
P12,5,p41,0.400,2,17.7,160,-28, efter denna rad har jag åtgärdat datan med deltajump som är skiftad med i+1. får fixa i efterhand. 




P14,1,f1,0.520,0,-,-,-
P14,2,f1,0.560,0,28.0,228.5,-6
P14,3,f1,0.440,2,20.6,212.5,-26
P14,4,f1,0.360,2,20.6,170.2,-30
P14,1,f2,0.560,2,51.3,198.8,-8
P14,2,f2,0.480,2,51.3,231.0,-13
P14,3,f2,0.440,0,33.9,181.6,-23
P14,4,f2,0.440,0,-,-,-
P14,1,f3,0.520,2,43.5,212.4,-14
P14,2,f3,0.480,1,50.9,225.3,-20
P14,3,f3,0.480,1,50.9,167.9,-23
P14,4,f3,0.400,2,20.7,195.7,-30
P14,1,f4,0.520,1,50.4,211.7,-11
P14,2,f4,0.520,1,50.4,242.1,-22
P14,3,f4,0.440,2,25.3,189.7,-25
P14,4,f4,0.400,2,18.2,190.9,-30, För att belysa problem i delta jp så var detta hopp PRECIS innan punkten - dvs perfekt utmätt
P14,1,p11,0.520,2,60.7,224.0,-14
P14,2,p11,0.520,2,74.0,198.8,-26
P14,3,p11,0.480,2,18.4,190.8,-23
P14,4,p11,0.360,2,18.4,163.9,-23
P14,1,p12,0.480,2,53.6,225.2,-17
P14,2,p12,0.600,1,61.3,186.3,-22
P14,3,p12,0.480,1,42.2,194.0,-29
P14,4,p12,0.320,2,20.1,194.0,-29
P14,1,p21,0.480,1,52.1,206.9,-12
P14,2,p21,0.560,0,36.4,163.2,-31
P14,3,p21,0.480,2,20.9,180.9,-29
P14,4,p21,0.360,2,20.9,180.5,-19
P14,1,p22,0.480,1,52.2,224.4,-17
P14,2,p22,0.560,1,26.2,166.1,-32
P14,3,p22,0.480,2,24.8,168.7,-20
P14,4,p22,0.360,2,24.8,192.0,-25
P14,1,p31,0.480,1,43.2,206.8,-12
P14,2,p31,0.600,2,57.2,206.6,-32
P14,3,p31,0.480,2,8.1,174.1,-27
P14,4,p31,0.400,2,8.1,190.1,-23
P14,1,p32,0.520,1,49.6,202.1,-11
P14,2,p32,0.560,1,43.9,158.0,-20
P14,3,p32,0.440,2,12.6,167.5,-26
P14,4,p32,0.360,2,12.6,198.5,-19
P14,1,p41,0.520,1,53.6,216.0,-13
P14,2,p41,0.600,0,29.6,197.9,-20
P14,3,p41,0.440,2,13.0,155.0,-22
P14,4,p41,0.360,2,13.0,187.4,-35
P14,1,p42,0.480,1,51.5,238.8,-13
P14,2,p42,0.520,0,33.3,211.7,-20
P14,3,p42,0.440,2,12.9,146.4,-21
P14,4,p42,0.360,2,12.9,179.0,-33
P14,1,p51,0.520,2,52.2,-,-
P14,2,p51,0.560,0,58.2,-,-
P14,3,p51,0.440,1,27.0,-,-
P14,4,p51,0.440,2,17.5,191.3,-38
P14,1,p52,0.480,1,46.4,234.9,-14
P14,2,p52,0.520,0,25.8,198.0,-22
P14,3,p52,0.480,2,14.8,251.5,-22
P14,4,p52,0.360,2,14.8,179.7,-31
P14,1,p61,0.480,0,43.1,225.9,-17
P14,2,p61,0.560,1,33.1,184.5,-28
P14,3,p61,0.440,2,17.9,229.0,-23
P14,4,p61,0.400,2,17.9,200.5,-28
P14,1,p62,0.560,2,49.5,240.2,-17
P14,2,p62,0.600,0,57.2,193.8,-29
P14,3,p62,0.400,0,14.4,218.5,-24
P14,4,p62,0.360,2,11.0,187.4,-28



PA,1,f1,0.640,0,-,-,-
PA,2,f1,0.480,0,-,-,-
PA,3,f1,0.520,0,-,-,-
PA,4,f1,0.440,0,-,-,-
PA,1,f2,0.640,0,-,-,-
PA,2,f2,0.480,0,-,-,-
PA,3,f2,0.520,0,-,-,-
PA,4,f2,0.520,0,-,-,-
PA,1,f3,0.560,0,-,-,-
PA,2,f3,0.480,0,-,-,-
PA,3,f3,0.520,0,-,-,-
PA,4,f3,0.560,0,-,-,-
PA,1,f4,0.600,0,-,-,-
PA,2,f4,0.480,0,-,-,-
PA,3,f4,0.520,0,-,-,-
PA,1,p11,0.640,0,27.1,252.9,-19
PA,2,p11,0.520,1,13.1,192.6,-2
PA,3,p11,0.560,1,14.9,227.4,-19
PA,4,p11,0.560,2,13.4,235.6,-20
PA,1,p12,0.680,1,22.5,260.1,-14
PA,3,p12,0.480,1,15.2,216.2,-5
PA,4,p12,0.520,0,6.5,213.5,-19
PA,5,p12,0.600,2,6.1,222.7,-5
PA,1,p21,0.640,1,32.8,259.8,-14
PA,2,p21,0.520,2,15.9,192.1,-4
PA,3,p21,0.520,0,5.9,199.5,-12
PA,4,p21,0.560,2,11.5,211.2,-20
PA,1,p22,0.600,1,30.5,250.4,-17
PA,2,p22,0.480,1,18.2,216.7,-5
PA,3,p22,0.520,0,-,216.7,-5
PA,4,p22,0.520,2,13.3,190.1,-19, perfekt avsats men 13... 
PA,1,p31,0.680,1,31.5,261.8,-17
PA,2,p31,0.560,1,14.8,188.8,-5
PA,3,p31,0.520,2,22.5,219.3,-12
PA,4,p31,0.520,2,6.9,197.9,-16
PA,1,p32,0.680,1,15.4,244.7,-17
PA,2,p32,0.520,1,20.2,195.1,8
PA,3,p32,0.520,2,14.5,210.1,-12
PA,4,p32,0.480,2,12.9,188.0,-16
PA,1,p41,0.640,1,16.0,262.1,-11
PA,2,p41,0.480,0,-
PA,3,p41,0.560,0,-,,-
PA,4,p41,0.520,0,-,-,-
PA,1,p42,0.680,0,25.3,288.8,-16
PA,2,p42,0.520,
PA,3,p42,0.560,0,-,-,-
PA,4,p42,0.520,0,-,-,-
PA,1,p51,0.680,0,-,-,-
PA,2,p51,0.520,1,8.1,204.3,-2
PA,3,p51,0.560,1,12.7,248.9,-18
PA,4,p51,0.480,0,-,248.9,-18
PA,1,p52,0.680,0,-,-,-
PA,2,p52,0.520,0,-,-,-
PA,3,p52,0.560,0,-,-,-
PA,4,p52,0.480,0,-,-,-
PA,1,p61,0.640,0,-,-,-
PA,2,p61,0.480,0,-,-,-
PA,3,p61,0.520,0,-,-,-
PA,4,p61,0.520,0,-,-,-
PA,1,p62,0.680,0,-,-,-
PA,2,p62,0.480,0,-,-,-
PA,3,p62,0.560,0,-,-,-
PA,4,p62,0.440,0,-,-,-